{"max": [0.0, 0.102874, 0.255843], "centroid": [-0.10424223993890838, 0.04565117464849184, 0.08895364120962193], "id": "138d0b89ab5b5fa52821bf1aa3b19a", "numVertices": 2619, "min": [-0.193352, -1.8999e-06, 0.0]}
